{
  "boss.shadowi.slash": {
    "category": "master",
    "sounds": [
      {
        "name": "cot:boss/shadowi/slash",
        "stream": false
      }
    ]
  },
  "boss.shadowi.rending": {
    "category": "master",
    "sounds": [
      {
        "name": "cot:boss/shadowi/rending",
        "stream": false
      }
    ]
  },
  "boss.shadowi.approach": {
    "category": "master",
    "sounds": [
      {
        "name": "cot:boss/shadowi/approach",
        "stream": false
      }
    ]
  },
  "boss.shadowi.atmosphere": {
    "category": "master",
    "sounds": [
      {
        "name": "cot:boss/shadowi/atmosphere",
        "stream": true
      }
    ]
  },
  "boss.shadowi.appear": {
    "category": "master",
    "sounds": [
      {
        "name": "cot:boss/shadowi/appear",
        "stream": false
      }
    ]
  },
  "boss.shadowi.laugh": {
    "category": "master",
    "sounds": [
      {
        "name": "cot:boss/shadowi/laugh",
        "stream": false
      }
    ]
  }
}